{"coef": [2.0000000000000004], "intercept": 0.9999999999999982}